{
    "identityPoolName": "amplifycognito6ebfe7ba_identitypool_6ebfe7ba",
    "allowUnauthenticatedIdentities": false,
    "thirdPartyAuth": false,
    "lambdaLogPolicy": "cognito6ebfe7ba_lambda_log_policy",
    "openIdLambdaRoleName": "cognito6ebfe7ba_openid_lambda_role",
    "openIdRolePolicy": "cognito6ebfe7ba_openid_pass_role_policy",
    "openIdLambdaIAMPolicy": "cognito6ebfe7ba_openid_lambda_iam_policy",
    "openIdLogPolicy": "cognito6ebfe7ba_openid_lambda_log_policy",
    "userPoolName": "amplifycognito6ebfe7ba_userpool_6ebfe7ba",
    "autoVerifiedAttributes": [
        "email"
    ],
    "mfaConfiguration": "OFF",
    "mfaTypes": [
        "SMS Text Message"
    ],
    "roleName": "cognito6ebfe7ba_sns-role",
    "roleExternalId": "cognito6ebfe7ba_role_external_id",
    "policyName": "cognito6ebfe7ba-sns-policy",
    "smsAuthenticationMessage": "Your authentication code is {####}",
    "smsVerificationMessage": "Your verification code is {####}",
    "emailVerificationSubject": "Your verification code",
    "emailVerificationMessage": "Your verification code is {####}",
    "defaultPasswordPolicy": false,
    "passwordPolicyMinLength": 8,
    "passwordPolicyCharacters": [
        "Requires Lowercase",
        "Requires Uppercase",
        "Requires Numbers",
        "Requires Symbols"
    ],
    "requiredAttributes": [
        "email"
    ],
    "userpoolClientName": "cognito6ebfe7ba_app_client",
    "userpoolClientGenerateSecret": true,
    "userpoolClientRefreshTokenValidity": 30,
    "userpoolClientReadAttributes": [
        "email"
    ],
    "mfaLambdaRole": "cognito6ebfe7ba_totp_lambda_role",
    "mfaLambdaLogPolicy": "cognito6ebfe7ba_totp_lambda_log_policy",
    "mfaPassRolePolicy": "cognito6ebfe7ba_totp_pass_role_policy",
    "mfaLambdaIAMPolicy": "cognito6ebfe7ba_totp_lambda_iam_policy",
    "userpoolClientLambdaRole": "cognito6ebfe7ba_userpoolclient_lambda_role",
    "userpoolClientLogPolicy": "cognito6ebfe7ba_userpoolclient_lambda_log_policy",
    "userpoolClientLambdaPolicy": "cognito6ebfe7ba_userpoolclient_lambda_iam_policy",
    "userpoolClientSetAttributes": false,
    "useDefault": "manual",
    "authSelections": "identityPoolAndUserPool",
    "resourceName": "cognito6ebfe7ba",
    "unAuthRoleName": "mplifyognito-20181106150051-unauthRole",
    "authRoleName": "mplifyognito-20181106150051-authRole",
    "unAuthRoleArn": "arn:aws:iam::119362406241:role/mplifyognito-20181106150051-unauthRole",
    "authRoleArn": "arn:aws:iam::119362406241:role/mplifyognito-20181106150051-authRole"
}