{
	"providers": {
		"awscloudformation": {
			"AuthRoleName": "mplifyognito-20181106150051-authRole",
			"UnauthRoleArn": "arn:aws:iam::119362406241:role/mplifyognito-20181106150051-unauthRole",
			"AuthRoleArn": "arn:aws:iam::119362406241:role/mplifyognito-20181106150051-authRole",
			"Region": "us-east-1",
			"DeploymentBucketName": "mplifyognito-20181106150051-deployment",
			"UnauthRoleName": "mplifyognito-20181106150051-unauthRole",
			"StackName": "mplifyognito-20181106150051",
			"StackId": "arn:aws:cloudformation:us-east-1:119362406241:stack/mplifyognito-20181106150051/c109ee50-e1d4-11e8-9d3d-500c217b48d2"
		}
	},
	"auth": {
		"cognito6ebfe7ba": {
			"service": "Cognito",
			"providerPlugin": "awscloudformation",
			"providerMetadata": {
				"s3TemplateURL": "https://s3.amazonaws.com/mplifyognito-20181106150051-deployment/amplify-cfn-templates/auth/cognito6ebfe7ba-cloudformation-template.yml",
				"logicalId": "authcognito6ebfe7ba"
			},
			"lastPushTimeStamp": "2018-11-06T15:14:55.893Z",
			"output": {
				"AppClientSecret": "180vj1c01lalcl4ps0mf2c0j7f8el86b0af4ekssetbkec559lkv",
				"UserPoolId": "us-east-1_K2KcecnPT",
				"AppClientIDWeb": "3sdt3054aol6lmvbj4fsjk4pdf",
				"AppClientID": "3a6j63nhtimfh8e5g0mm06sjfm",
				"IdentityPoolId": "us-east-1:629c917c-d72a-4d50-a015-8132619b77b2",
				"IdentityPoolName": "amplifycognito6ebfe7ba_identitypool_6ebfe7ba",
				"UserPoolName": "amplifycognito6ebfe7ba_userpool_6ebfe7ba"
			},
			"lastPushDirHash": "iUE1tOMZwqAM4NwWmtCXhcZd7IM="
		}
	}
}